021347-1452707	Slovak
021347-1452708	Slovak
021347-1452709	Slovak
021347-1452710	Slovak
021347-1452711	Slovak
021347-1452712	Slovak
021347-1452713	Slovak
021347-1452714	Slovak
021347-1452715	Slovak
021347-1452716	Slovak
021347-1452717	Slovak
021347-1452718	Slovak
021347-1452719	Slovak
021347-1452720	Slovak
021347-1452721	Slovak
021347-1452722	Slovak
021347-1452723	Slovak
021347-1452724	Slovak
021347-1452725	Slovak
021347-1452726	Slovak
021347-1452738	Slovak
021347-1452739	Slovak
021347-1452740	Slovak
021347-1452741	Slovak
021347-1452742	Slovak
021347-1452743	Slovak
021347-1452744	Slovak
021347-1452745	Slovak
021347-1452746	Slovak
021347-1453027	Slovak
021347-1453028	Slovak
021347-1453029	Slovak
021347-1453030	Slovak
021347-1453031	Slovak
021347-1453032	Slovak
021347-1453033	Slovak
021347-1453034	Slovak
021347-1453035	Slovak
021347-1453036	Slovak
021347-1453037	Slovak
021347-1453038	Slovak
021347-1453039	Slovak
021347-1453040	Slovak
021347-1453041	Slovak
021347-1453042	Slovak
021347-1453043	Slovak
021347-1453044	Slovak
021347-1453045	Slovak
021347-1453046	Slovak
021347-1453047	Slovak
021347-1453048	Slovak
021347-1453049	Slovak
021347-1453050	Slovak
021347-1453051	Slovak
021347-1453052	Slovak
021347-1453053	Slovak
021347-1453054	Slovak
021347-1453055	Slovak
021347-1453056	Slovak
021347-1453057	Slovak
021347-1453058	Slovak
021347-1453059	Slovak
021347-1453060	Slovak
021347-1453061	Slovak
021347-1453062	Slovak
021347-1453063	Slovak
021347-1453064	Slovak
021347-1453065	Slovak
021347-1453066	Slovak
021347-1453067	Slovak
021347-1453068	Slovak
021347-1453069	Slovak
021347-1453070	Slovak
021347-1453071	Slovak
021347-1453072	Slovak
021347-1453073	Slovak
021347-1453074	Slovak
021347-1453076	Slovak
021347-1453077	Slovak
021347-1453079	Slovak
021347-1453080	Slovak
021347-1453082	Slovak
021347-1453083	Slovak
021347-1453084	Slovak
021347-1453085	Slovak
021347-1453086	Slovak
021347-1453087	Slovak
021347-1453088	Slovak
021347-1453090	Slovak
021347-1453091	Slovak
021347-1453092	Slovak
021351-1453093	Slovak
021351-1453094	Slovak
021351-1453095	Slovak
021351-1453096	Slovak
021351-1453097	Slovak
021351-1453098	Slovak
021351-1453099	Slovak
021351-1453100	Slovak
021351-1453101	Slovak
021351-1453102	Slovak
021351-1453103	Slovak
021351-1453104	Slovak
021351-1453105	Slovak
021351-1453106	Slovak
021351-1453107	Slovak
021351-1453108	Slovak
021351-1453109	Slovak
021351-1453110	Slovak
021351-1453111	Slovak
021351-1453112	Slovak
021351-1453113	Slovak
021351-1453114	Slovak
021351-1453115	Slovak
021351-1453116	Slovak
021351-1453117	Slovak
021351-1453118	Slovak
021351-1453119	Slovak
021351-1453120	Slovak
021351-1453121	Slovak
021351-1453122	Slovak
021351-1453123	Slovak
021351-1453124	Slovak
021351-1453125	Slovak
021351-1453126	Slovak
021351-1453127	Slovak
021351-1453128	Slovak
021351-1453129	Slovak
021351-1453130	Slovak
021351-1453131	Slovak
021351-1453132	Slovak
021351-1453133	Slovak
021351-1453134	Slovak
021351-1453136	Slovak
021351-1453137	Slovak
021351-1453138	Slovak
021351-1453139	Slovak
021351-1453140	Slovak
021351-1453141	Slovak
021351-1453142	Slovak
021351-1453143	Slovak
021351-1453144	Slovak
021351-1453145	Slovak
021351-1453146	Slovak
021351-1453147	Slovak
021351-1453148	Slovak
021351-1453149	Slovak
021351-1453151	Slovak
021351-1453152	Slovak
021351-1453153	Slovak
021351-1453154	Slovak
021351-1453155	Slovak
021351-1453156	Slovak
021351-1453157	Slovak
021351-1453158	Slovak
021351-1453159	Slovak
021351-1453160	Slovak
021351-1453161	Slovak
021351-1453162	Slovak
021351-1453163	Slovak
021351-1453164	Slovak
021351-1453165	Slovak
021351-1453166	Slovak
021351-1453167	Slovak
021351-1453168	Slovak
021351-1453169	Slovak
021351-1453170	Slovak
021351-1453171	Slovak
021351-1453172	Slovak
021351-1453173	Slovak
021351-1453174	Slovak
021351-1453176	Slovak
021351-1453177	Slovak
021351-1453178	Slovak
021351-1453179	Slovak
021351-1453180	Slovak
021351-1453181	Slovak
021351-1453182	Slovak
021351-1453183	Slovak
021351-1453184	Slovak
021351-1453185	Slovak
021351-1453186	Slovak
021351-1453187	Slovak
021351-1453188	Slovak
021351-1453189	Slovak
021351-1453190	Slovak
021351-1453191	Slovak
021351-1453192	Slovak
021355-1453450	Italian
012186-1453451	Swedish
012186-1453454	Swedish
012186-1453455	Swedish
012186-1453456	Swedish
012186-1453457	Swedish
012186-1453459	Swedish
012186-1453461	Swedish
012186-1453462	Swedish
012186-1453463	Swedish
012186-1453466	Swedish
012186-1453467	Swedish
012186-1453469	Swedish
012186-1453470	Swedish
012186-1453471	Swedish
012186-1453472	Swedish
021358-1453750	English
021358-1453751	English
021358-1453752	English
021358-1453753	English
021358-1453754	English
021358-1453755	English
021358-1453757	English
021358-1453758	English
021358-1453759	English
021358-1453760	English
021358-1453761	English
021358-1453762	English
021358-1453763	English
021358-1453772	English
021358-1453774	English
021358-1453777	English
021358-1453779	English
021358-1453780	English
021358-1453783	English
021358-1453785	English
021358-1453788	English
021358-1453789	English
021358-1453793	English
021358-1453794	English
021358-1453796	English
021358-1453798	English
021358-1453801	English
021358-1453803	English
021358-1453804	English
021358-1453805	English
021358-1453807	English
021358-1453810	English
021358-1453812	English
021358-1453814	English
021360-1453815	English
021360-1453816	English
021360-1453817	English
021358-1453818	English
021358-1453820	English
021358-1453823	English
021358-1453824	English
021358-1453826	English
021358-1453828	English
021358-1453829	English
021358-1453830	English
021358-1453832	English
021358-1453833	English
021358-1453837	English
021358-1453838	English
021358-1453839	English
021358-1453843	English
021358-1453844	English
021358-1453846	English
021358-1453847	English
021358-1453848	English
021358-1453851	English
021358-1453853	English
021358-1453854	English
021358-1453876	English
021358-1453880	English
021358-1453884	English
021358-1453885	English
021358-1453886	English
021358-1453888	English
021358-1453889	English
021358-1453891	English
021358-1453895	English
021358-1453899	English
021358-1453901	English
021358-1453907	English
021358-1453908	English
021358-1453909	English
021358-1453911	English
021358-1453913	English
021358-1453914	English
021358-1453915	English
021358-1453916	English
021358-1453917	English
021358-1453918	English
021358-1453922	English
021358-1453925	English
021358-1453928	English
021358-1453932	English
021358-1453934	English
021358-1453935	English
021358-1453936	English
021358-1453939	English
021358-1453941	English
021358-1453942	English
021358-1453944	English
021358-1453946	English
021358-1453947	English
021358-1453949	English
021358-1453951	English
021358-1453953	English
021358-1454032	English
021363-1454070	Polish
021363-1454072	Polish
021364-1454073	Russia
021365-1454074	Russia
021365-1454077	Russia
021365-1454078	Russia
021365-1454079	Russia
021365-1454080	Russia
021365-1454081	Russia
021365-1454083	Russia
021365-1454084	Russia
021365-1454086	Russia
021365-1454087	Russia
021365-1454088	Russia
021365-1454089	Russia
021365-1454090	Russia
021365-1454092	Russia
021365-1454094	Russia
021365-1454098	Russia
021365-1454099	Russia
021365-1454102	Russia
021365-1454103	Russia
021365-1454104	Russia
021365-1454105	Russia
021365-1454109	Russia
021365-1454110	Russia
021365-1454111	Russia
021365-1454112	Russia
021365-1454113	Russia
021365-1454114	Russia
021365-1454115	Russia
021365-1454116	Russia
021365-1454117	Russia
021365-1454118	Russia
021365-1454121	Russia
021365-1454122	Russia
021365-1454124	Russia
021365-1454125	Russia
021365-1454126	Russia
021365-1454127	Russia
021365-1454128	Russia
021365-1454129	Russia
021365-1454130	Russia
021365-1454131	Russia
021365-1454132	Russia
021365-1454133	Russia
021365-1454134	Russia
021365-1454135	Russia
021365-1454136	Russia
021365-1454139	Russia
021365-1454140	Russia
021365-1454141	Russia
021365-1454142	Russia
021365-1454144	Russia
021365-1454146	Russia
021365-1454148	Russia
021365-1454149	Russia
021365-1454150	Russia
021365-1454151	Russia
021365-1454152	Russia
021365-1454153	Russia
021365-1454154	Russia
021365-1454155	Russia
021365-1454158	Russia
021365-1454159	Russia
021365-1454160	Russia
021365-1454161	Russia
021365-1454162	Russia
021365-1454163	Russia
021365-1454164	Russia
021365-1454165	Russia
021365-1454167	Russia
021365-1454168	Russia
021365-1454169	Russia
021365-1454170	Russia
021365-1454171	Russia
021365-1454172	Russia
021365-1454173	Russia
021365-1454174	Russia
021365-1454175	Russia
021365-1454177	Russia
021365-1454178	Russia
021365-1454181	Russia
021365-1454184	Russia
021365-1454185	Russia
021365-1454186	Russia
021365-1454187	Russia
021365-1454189	Russia
021365-1454190	Russia
021365-1454192	Russia
021365-1454193	Russia
021365-1454194	Russia
021365-1454195	Russia
021366-1454197	Russia
021366-1454198	Russia
021366-1454199	Russia
021366-1454200	Russia
021366-1454201	Russia
021366-1454202	Russia
021366-1454203	Russia
021366-1454204	Russia
021366-1454207	Russia
021366-1454208	Russia
021366-1454210	Russia
021366-1454211	Russia
021366-1454212	Russia
021366-1454215	Russia
021366-1454216	Russia
021366-1454217	Russia
021366-1454218	Russia
021366-1454220	Russia
021366-1454221	Russia
021366-1454222	Russia
021366-1454224	Russia
021366-1454225	Russia
021366-1454226	Russia
021366-1454228	Russia
021366-1454229	Russia
021366-1454230	Russia
021366-1454231	Russia
021366-1454233	Russia
021366-1454234	Russia
021366-1454235	Russia
021366-1454238	Russia
021366-1454239	Russia
021366-1454240	Russia
021366-1454241	Russia
021366-1454242	Russia
021366-1454243	Russia
021366-1454244	Russia
021366-1454245	Russia
021366-1454246	Russia
021366-1454247	Russia
021366-1454249	Russia
021366-1454250	Russia
021366-1454251	Russia
021366-1454252	Russia
021366-1454254	Russia
021366-1454255	Russia
021366-1454256	Russia
021366-1454257	Russia
021366-1454259	Russia
021366-1454260	Russia
021366-1454261	Russia
021366-1454262	Russia
021366-1454263	Russia
021366-1454264	Russia
021366-1454265	Russia
021366-1454266	Russia
021366-1454267	Russia
021366-1454268	Russia
021366-1454269	Russia
021366-1454270	Russia
021366-1454271	Russia
021366-1454272	Russia
021366-1454273	Russia
021366-1454274	Russia
021366-1454275	Russia
021366-1454276	Russia
021366-1454277	Russia
021366-1454278	Russia
021366-1454279	Russia
021366-1454280	Russia
021366-1454281	Russia
021366-1454282	Russia
021366-1454283	Russia
021366-1454284	Russia
021366-1454285	Russia
021366-1454286	Russia
021366-1454287	Russia
021366-1454289	Russia
021366-1454290	Russia
021366-1454291	Russia
021366-1454293	Russia
021366-1454294	Russia
021366-1454295	Russia
021366-1454296	Russia
021366-1454297	Russia
021366-1454299	Russia
021366-1454300	Russia
021366-1454301	Russia
021366-1454302	Russia
021366-1454303	Russia
021366-1454304	Russia
021364-1454306	Russia
021364-1454308	Russia
021364-1454309	Russia
021364-1454310	Russia
021364-1454311	Russia
021364-1454312	Russia
021364-1454317	Russia
021364-1454318	Russia
021364-1454319	Russia
021364-1454321	Russia
021364-1454322	Russia
021364-1454323	Russia
021364-1454325	Russia
021364-1454326	Russia
021364-1454327	Russia
021364-1454328	Russia
021364-1454329	Russia
021364-1454330	Russia
021364-1454331	Russia
021364-1454332	Russia
021364-1454333	Russia
021364-1454335	Russia
021364-1454337	Russia
021364-1454339	Russia
021364-1454340	Russia
021364-1454341	Russia
021364-1454343	Russia
021364-1454344	Russia
021364-1454345	Russia
021364-1454347	Russia
021364-1454348	Russia
021364-1454349	Russia
021364-1454350	Russia
021364-1454351	Russia
021364-1454352	Russia
021364-1454353	Russia
021364-1454354	Russia
021364-1454355	Russia
021364-1454356	Russia
021364-1454357	Russia
021364-1454359	Russia
021364-1454360	Russia
021364-1454361	Russia
021364-1454362	Russia
021364-1454363	Russia
021364-1454364	Russia
021364-1454365	Russia
021364-1454366	Russia
021364-1454367	Russia
021364-1454368	Russia
021364-1454369	Russia
021364-1454371	Russia
021364-1454372	Russia
021364-1454373	Russia
021364-1454374	Russia
021364-1454375	Russia
021364-1454376	Russia
021364-1454377	Russia
021364-1454378	Russia
021364-1454380	Russia
021364-1454381	Russia
021364-1454382	Russia
021364-1454383	Russia
021364-1454384	Russia
021364-1454385	Russia
021364-1454386	Russia
021364-1454387	Russia
021364-1454388	Russia
021364-1454389	Russia
021364-1454390	Russia
021364-1454391	Russia
021364-1454392	Russia
021364-1454393	Russia
021364-1454394	Russia
021364-1454395	Russia
021364-1454396	Russia
021364-1454397	Russia
021364-1454398	Russia
021364-1454400	Russia
021364-1454402	Russia
021364-1454405	Russia
021364-1454406	Russia
021364-1454409	Russia
021364-1454410	Russia
021364-1454413	Russia
021364-1454414	Russia
021364-1454415	Russia
021364-1454416	Russia
021364-1454418	Russia
021364-1454420	Russia
021364-1454421	Russia
021364-1454422	Russia
021364-1454423	Russia
021364-1454424	Russia
021364-1454425	Russia
021364-1454426	Russia
021364-1454427	Russia
021364-1454428	Russia
021364-1454429	Russia
021367-1454446	Spanish
021367-1454449	Spanish
021367-1454450	Spanish
021367-1454452	Spanish
021367-1454453	Spanish
021367-1454454	Spanish
021367-1454457	Spanish
021367-1454460	Spanish
021367-1454462	Spanish
021367-1454465	Spanish
021367-1454466	Spanish
021367-1454473	Spanish
021367-1454475	Spanish
021367-1454480	Spanish
021367-1454483	Spanish
021367-1454485	Spanish
021367-1454489	Spanish
021367-1454495	Spanish
021367-1454506	Spanish
021367-1454508	Spanish
021367-1454514	Spanish
021367-1454515	Spanish
021367-1454519	Spanish
021367-1454521	Spanish
021367-1454524	Spanish
021367-1454526	Spanish
021367-1454528	Spanish
021367-1454529	Spanish
021367-1454530	Spanish
021367-1454531	Spanish
021367-1454536	Spanish
021367-1454538	Spanish
021367-1454539	Spanish
021367-1454541	Spanish
021367-1454542	Spanish
021367-1454544	Spanish
021367-1454546	Spanish
021367-1454547	Spanish
021367-1454551	Spanish
021367-1454553	Spanish
021367-1454556	Spanish
021367-1454557	Spanish
021367-1454558	Spanish
021367-1454560	Spanish
021367-1454564	Spanish
021367-1454569	Spanish
021367-1454572	Spanish
021367-1454573	Spanish
021367-1454576	Spanish
021367-1454578	Spanish
021367-1454580	Spanish
021367-1454581	Spanish
021367-1454583	Spanish
021367-1454584	Spanish
021367-1454585	Spanish
021367-1454587	Spanish
021367-1454590	Spanish
021367-1454592	Spanish
021367-1454593	Spanish
021367-1454594	Spanish
021367-1454595	Spanish
021367-1454597	Spanish
021367-1454599	Spanish
021367-1454602	Spanish
021367-1454603	Spanish
021367-1454605	Spanish
021367-1454606	Spanish
021367-1454609	Spanish
021367-1454614	Spanish
021367-1454616	Spanish
021367-1454618	Spanish
021367-1454621	Spanish
021367-1454622	Spanish
021367-1454624	Spanish
021367-1454626	Spanish
021367-1454627	Spanish
021367-1454631	Spanish
021367-1454632	Spanish
021367-1454633	Spanish
021367-1454634	Spanish
021367-1454638	Spanish
021367-1454642	Spanish
021367-1454643	Spanish
021367-1454646	Spanish
021367-1454648	Spanish
021367-1454649	Spanish
021367-1454650	Spanish
021367-1454652	Spanish
021367-1454653	Spanish
021367-1454654	Spanish
021367-1454657	Spanish
021368-1454659	Spanish
021368-1454660	Spanish
021368-1454663	Spanish
021368-1454664	Spanish
021368-1454667	Spanish
021368-1454670	Spanish
021368-1454672	Spanish
021368-1454673	Spanish
021368-1454675	Spanish
021368-1454677	Spanish
021368-1454679	Spanish
021368-1454680	Spanish
021368-1454681	Spanish
021368-1454682	Spanish
021368-1454683	Spanish
021368-1454684	Spanish
021368-1454685	Spanish
021368-1454686	Spanish
021368-1454687	Spanish
021368-1454688	Spanish
021368-1454691	Spanish
021368-1454692	Spanish
021368-1454693	Spanish
021368-1454694	Spanish
021368-1454695	Spanish
021368-1454697	Spanish
021368-1454700	Spanish
021368-1454702	Spanish
021368-1454705	Spanish
021368-1454706	Spanish
021368-1454708	Spanish
021368-1454709	Spanish
021368-1454710	Spanish
021368-1454712	Spanish
021368-1454715	Spanish
021368-1454718	Spanish
021368-1454720	Spanish
021368-1454721	Spanish
021368-1454722	Spanish
021368-1454723	Spanish
021368-1454724	Spanish
021368-1454727	Spanish
021368-1454728	Spanish
021368-1454730	Spanish
021368-1454731	Spanish
021368-1454732	Spanish
021368-1454738	Spanish
021368-1454739	Spanish
021368-1454743	Spanish
021368-1454745	Spanish
021368-1454747	Spanish
021368-1454750	Spanish
021368-1454751	Spanish
021368-1454753	Spanish
021368-1454754	Spanish
021368-1454755	Spanish
021368-1454758	Spanish
021368-1454759	Spanish
021368-1454762	Spanish
021368-1454764	Spanish
021368-1454768	Spanish
021368-1454770	Spanish
021368-1454771	Spanish
021368-1454780	Spanish
021368-1454782	Spanish
021368-1454783	Spanish
021368-1454784	Spanish
021368-1454785	Spanish
021368-1454786	Spanish
021368-1454789	Spanish
021368-1454792	Spanish
021368-1454797	Spanish
021368-1454800	Spanish
021370-1454898	Czech
021370-1454899	Czech
021370-1454900	Czech
021370-1454901	Czech
021370-1454902	Czech
021370-1454903	Czech
021370-1454904	Czech
021370-1454905	Czech
021370-1454906	Czech
021370-1454907	Czech
021370-1454908	Czech
021370-1454909	Czech
021370-1454910	Czech
021370-1454911	Czech
021370-1454912	Czech
021370-1454913	Czech
021370-1454914	Czech
021370-1454915	Czech
021370-1454916	Czech
021370-1454917	Czech
021370-1454918	Czech
021370-1454919	Czech
021370-1454920	Czech
021370-1454921	Czech
021370-1454922	Czech
021370-1454923	Czech
021370-1454924	Czech
021370-1454925	Czech
021370-1454926	Czech
021370-1454927	Czech
021370-1454928	Czech
021370-1454929	Czech
021370-1454931	Czech
021370-1454932	Czech
021370-1454933	Czech
021370-1454934	Czech
021370-1454935	Czech
021370-1454936	Czech
021370-1454937	Czech
021370-1454938	Czech
021370-1454939	Czech
021370-1454940	Czech
021370-1454941	Czech
021370-1454942	Czech
021370-1454943	Czech
021370-1454944	Czech
021370-1454945	Czech
021370-1454946	Czech
021370-1454947	Czech
021370-1454948	Czech
021370-1454949	Czech
021370-1454950	Czech
021370-1454951	Czech
021371-1454952	Persian
021371-1454953	Persian
021371-1454954	Persian
021371-1454955	Persian
021371-1454956	Persian
021371-1454957	Persian
021371-1454958	Persian
021371-1454959	Persian
021371-1454960	Persian
021371-1454961	Persian
021371-1454962	Persian
021371-1454963	Persian
021371-1454964	Persian
021371-1454965	Persian
021371-1454966	Persian
021371-1454967	Persian
021371-1454968	Persian
021371-1454969	Persian
021372-1454970	Serbo-Croatian
021372-1454971	Serbo-Croatian
021372-1454972	Serbo-Croatian
021372-1454973	Serbo-Croatian
021373-1454974	Serbo-Croatian
021373-1454975	Serbo-Croatian
021372-1454976	Serbo-Croatian
021372-1454977	Serbo-Croatian
021372-1454978	Serbo-Croatian
021372-1454979	Serbo-Croatian
021372-1454980	Serbo-Croatian
021372-1454981	Serbo-Croatian
021372-1454982	Serbo-Croatian
021372-1454983	Serbo-Croatian
021372-1454984	Serbo-Croatian
021372-1454985	Serbo-Croatian
021372-1454986	Serbo-Croatian
021372-1454987	Serbo-Croatian
021372-1454988	Serbo-Croatian
021372-1454989	Serbo-Croatian
021372-1454990	Serbo-Croatian
021372-1454991	Serbo-Croatian
021372-1454992	Serbo-Croatian
021372-1454993	Serbo-Croatian
021372-1454994	Serbo-Croatian
021372-1454995	Serbo-Croatian
021372-1454996	Serbo-Croatian
021372-1454997	Serbo-Croatian
021372-1454998	Serbo-Croatian
021372-1454999	Serbo-Croatian
021372-1455001	Serbo-Croatian
021372-1455002	Serbo-Croatian
021372-1455003	Serbo-Croatian
021372-1455004	Serbo-Croatian
021372-1455005	Serbo-Croatian
021372-1455006	Serbo-Croatian
021372-1455007	Serbo-Croatian
021372-1455008	Serbo-Croatian
021372-1455009	Serbo-Croatian
021372-1455010	Serbo-Croatian
021372-1455012	Serbo-Croatian
021372-1455013	Serbo-Croatian
021372-1455014	Serbo-Croatian
021372-1455015	Serbo-Croatian
021358-1455016	English
021358-1455017	English
021358-1455018	English
021358-1455019	English
021358-1455020	English
021358-1455021	English
021358-1455022	English
021370-1455036	Czech
021370-1455037	Czech
021370-1455038	Czech
021370-1455039	Czech
021370-1455040	Czech
021370-1455041	Czech
021370-1455042	Czech
021370-1455043	Czech
021370-1455044	Czech
021370-1455045	Czech
021370-1455046	Czech
021370-1455047	Czech
021370-1455048	Czech
021370-1455049	Czech
021370-1455050	Czech
021370-1455051	Czech
021370-1455052	Czech
021370-1455053	Czech
021370-1455054	Czech
021370-1455055	Czech
021370-1455056	Czech
021370-1455057	Czech
021370-1455058	Czech
021370-1455059	Czech
021370-1455060	Czech
021370-1455061	Czech
021370-1455062	Czech
021370-1455064	Czech
021370-1455065	Czech
021370-1455066	Czech
021370-1455067	Czech
021370-1455068	Czech
021370-1455069	Czech
021370-1455071	Czech
021370-1455072	Czech
021370-1455073	Czech
021370-1455074	Czech
021370-1455075	Czech
012186-1458257	Swedish
022096-1488917	French
022096-1488934	French
022096-1488936	French
022096-1488938	French
022096-1488942	French
022096-1488943	French
022096-1488945	French
022096-1488948	French
022096-1488950	French
022096-1488952	French
022096-1488953	French
022096-1488956	French
022096-1488958	French
022096-1488959	French
022096-1488962	French
022096-1488963	French
022096-1488965	French
022096-1488968	French
022096-1488970	French
022096-1488972	French
022096-1488975	French
022096-1488978	French
022096-1488981	French
022096-1488985	French
022096-1488986	French
024567-1877394	Polish
024567-1877395	Polish
024567-1877396	Polish
024567-1877397	Polish
024567-1877398	Polish
024567-1877399	Polish
024567-1877400	Polish
024567-1877401	Polish
024567-1877402	Polish
024567-1877403	Polish
024567-1877404	Polish
024567-1877405	Polish
024567-1877406	Polish
024567-1877407	Polish
024567-1877408	Polish
024567-1877409	Polish
024567-1877410	Polish
024567-1877411	Polish
024567-1877412	Polish
024567-1877413	Polish
024567-1877414	Polish
024567-1877415	Polish
024567-1877416	Polish
024567-1877417	Polish
024567-1877418	Polish
024567-1877419	Polish
024567-1877420	Polish
024567-1877421	Polish
024567-1877422	Polish
024567-1877423	Polish
024567-1877424	Polish
024567-1877425	Polish
024567-1877426	Polish
024567-1877427	Polish
024567-1877428	Polish
024567-1877429	Polish
024567-1877430	Polish
024567-1877431	Polish
024567-1877432	Polish
024567-1877433	Polish
024567-1877434	Polish
024567-1877435	Polish
024567-1877436	Polish
024567-1877437	Polish
024567-1877438	Polish
024567-1877439	Polish
024567-1877440	Polish
024567-1877441	Polish
024567-1877442	Polish
024567-1877443	Polish
024577-1877890	Spanish
024577-1877893	Spanish
024577-1877894	Spanish
024577-1877895	Spanish
024577-1877896	Spanish
024577-1877897	Spanish
024577-1877898	Spanish
024577-1877899	Spanish
024577-1877901	Spanish
024577-1877902	Spanish
024577-1877903	Spanish
024577-1877904	Spanish
024577-1877905	Spanish
024577-1877906	Spanish
024577-1877907	Spanish
024577-1877908	Spanish
024577-1877909	Spanish
024577-1877910	Spanish
024577-1877911	Spanish
024577-1877912	Spanish
024577-1877913	Spanish
024577-1877914	Spanish
024577-1877915	Spanish
024577-1877916	Spanish
024577-1877917	Spanish
024577-1877919	Spanish
024577-1877920	Spanish
024577-1877921	Spanish
024577-1877922	Spanish
024577-1877923	Spanish
024578-1877924	English
024579-1877926	other
024578-1877928	English
024578-1877932	English
024578-1877933	English
024578-1877935	English
024578-1877940	English
024578-1877941	English
024578-1877942	English
024578-1877943	English
024578-1877944	English
024578-1877945	English
024578-1877946	English
024578-1877947	English
024578-1877950	English
024578-1877951	English
024578-1877952	English
024578-1877953	English
024578-1877954	English
024578-1877955	English
024578-1877956	English
024578-1877957	English
024578-1877962	English
024578-1877965	English
024578-1877969	English
024578-1877972	English
024578-1877974	English
024578-1877977	English
024578-1877981	English
024578-1877986	English
024578-1877987	English
024581-1878003	Nepali
024581-1878004	Nepali
024581-1878005	Nepali
024581-1878006	Nepali
024581-1878007	Nepali
024581-1878008	Nepali
024578-1878019	English
024578-1878020	English
024578-1878021	English
024578-1878022	English
024578-1878023	English
024578-1878024	English
024578-1878025	English
024578-1878026	English
024578-1878028	English
024578-1878031	English
024578-1878033	English
024578-1878035	English
024578-1878038	English
024578-1878039	English
024578-1878044	English
024578-1878045	English
024578-1878046	English
024578-1878047	English
024578-1878048	English
024578-1878050	English
024578-1878051	English
024578-1878052	English
024578-1878053	English
024578-1878055	English
024578-1878056	English
024578-1878057	English
024578-1878058	English
024578-1878059	English
024578-1878061	English
024578-1878062	English
024578-1878064	English
024578-1878065	English
024578-1878068	English
024578-1878069	English
024578-1878070	English
024578-1878072	English
024578-1878073	English
024578-1878074	English
024578-1878075	English
024578-1878076	English
024578-1878077	English
024578-1878079	English
024578-1878080	English
024578-1878081	English
024578-1878082	English
024578-1878083	English
024578-1878084	English
024578-1878085	English
024578-1878086	English
024578-1878087	English
024578-1878088	English
024578-1878090	English
024578-1878091	English
024578-1878092	English
024578-1878094	English
024578-1878096	English
024578-1878097	English
024578-1878098	English
024578-1878099	English
024578-1878100	English
024578-1878101	English
024578-1878102	English
024578-1878104	English
024578-1878105	English
024578-1878107	English
024578-1878108	English
024578-1878109	English
024578-1878110	English
024578-1878112	English
024578-1878114	English
024578-1878116	English
024578-1878117	English
024582-1878118	German
024582-1878119	German
024582-1878120	German
024582-1878121	German
024582-1878122	German
024582-1878123	German
024582-1878124	German
024582-1878128	German
024582-1878129	German
024582-1878131	German
024582-1878132	German
024582-1878133	German
024582-1878134	German
024582-1878135	German
024582-1878136	German
024582-1878137	German
024582-1878138	German
024582-1878139	German
024582-1878140	German
024582-1878141	German
024582-1878142	German
024582-1878143	German
024582-1878144	German
024582-1878148	German
024582-1878149	German
024582-1878150	German
024582-1878151	German
024582-1878152	German
024582-1878153	German
024582-1878155	German
024582-1878156	German
024582-1878157	German
024582-1878158	German
024582-1878159	German
024582-1878161	German
024582-1878162	German
024582-1878163	German
024582-1878164	German
024582-1878165	German
024582-1878166	German
024582-1878167	German
024582-1878168	German
024582-1878171	German
024582-1878172	German
024582-1878173	German
024582-1878174	German
024582-1878176	German
024582-1878178	German
024582-1878179	German
024582-1878180	German
024578-1878230	English
024578-1878235	English
024578-1878236	English
024578-1878237	English
024567-1878249	Polish
024567-1878250	Polish
024567-1878251	Polish
024567-1878252	Polish
024567-1878254	Polish
024567-1878255	Polish
024567-1878256	Polish
024567-1878257	Polish
024567-1878258	Polish
024567-1878260	Polish
024567-1878264	Polish
024567-1878265	Polish
024567-1878266	Polish
024567-1878267	Polish
024567-1878268	Polish
024567-1878269	Polish
024567-1878270	Polish
024567-1878271	Polish
024567-1878272	Polish
024567-1878273	Polish
024567-1878277	Polish
024567-1878279	Polish
024567-1878280	Polish
024567-1878281	Polish
024567-1878282	Polish
024567-1878283	Polish
024567-1878284	Polish
024567-1878286	Polish
024567-1878287	Polish
024567-1878288	Polish
024567-1878289	Polish
024567-1878290	Polish
024567-1878291	Polish
024567-1878292	Polish
024567-1878293	Polish
024567-1878294	Polish
024567-1878295	Polish
024567-1878296	Polish
024567-1878297	Polish
024567-1878299	Polish
024567-1878300	Polish
024567-1878301	Polish
024567-1878302	Polish
024567-1878304	Polish
024567-1878305	Polish
024567-1878306	Polish
024567-1878308	Polish
024567-1878309	Polish
024567-1878310	Polish
024567-1878311	Polish
024585-1878312	Spanish
024585-1878313	Spanish
024585-1878314	Spanish
024585-1878315	Spanish
024585-1878316	Spanish
024585-1878317	Spanish
024585-1878318	Spanish
024585-1878319	Spanish
024585-1878320	Spanish
024585-1878321	Spanish
024585-1878322	Spanish
024585-1878323	Spanish
024585-1878324	Spanish
024585-1878325	Spanish
024585-1878326	Spanish
024585-1878327	Spanish
024585-1878328	Spanish
024585-1878329	Spanish
024585-1878330	Spanish
024585-1878331	Spanish
024585-1878332	Spanish
024585-1878333	Spanish
024585-1878334	Spanish
024585-1878335	Spanish
024585-1878336	Spanish
024585-1878337	Spanish
024585-1878338	Spanish
024585-1878339	Spanish
024585-1878340	Spanish
024585-1878341	Spanish
024585-1878342	Spanish
024585-1878343	Spanish
024585-1878344	Spanish
024585-1878345	Spanish
024585-1878346	Spanish
024585-1878347	Spanish
024585-1878348	Spanish
024585-1878349	Spanish
024585-1878350	Spanish
024585-1878351	Spanish
024585-1878352	Spanish
024585-1878353	Spanish
024585-1878354	Spanish
024585-1878355	Spanish
024585-1878356	Spanish
024585-1878357	Spanish
024585-1878358	Spanish
024585-1878359	Spanish
024585-1878360	Spanish
024585-1878361	Spanish
024578-1878373	English
024578-1878375	English
024578-1878376	English
024578-1878378	English
024578-1878379	English
024578-1878380	English
024578-1878381	English
024578-1878382	English
024578-1878383	English
024578-1878385	English
024578-1878386	English
024578-1878388	English
024578-1878390	English
024578-1878391	English
024578-1878392	English
024578-1878393	English
024578-1878394	English
024578-1878395	English
024578-1878397	English
024578-1878398	English
024578-1878400	English
024578-1878401	English
024578-1878403	English
024578-1878404	English
024578-1878405	English
024578-1878406	English
024578-1878408	English
024578-1878410	English
024578-1878411	English
024578-1878412	English
024578-1878413	English
024578-1878415	English
024578-1878416	English
024578-1878417	English
024578-1878418	English
024578-1878419	English
024578-1878420	English
024578-1878421	English
024578-1878422	English
024578-1878423	English
024578-1878425	English
024578-1878428	English
024578-1878429	English
024578-1878431	English
024578-1878434	English
024578-1878436	English
024587-1878437	Polish
024587-1878438	Polish
024587-1878439	Polish
024587-1878440	Polish
024587-1878441	Polish
024587-1878442	Polish
024587-1878443	Polish
024587-1878444	Polish
024587-1878445	Polish
024587-1878446	Polish
024587-1878447	Polish
024587-1878448	Polish
024587-1878449	Polish
024587-1878450	Polish
024587-1878451	Polish
024587-1878452	Polish
024587-1878453	Polish
024587-1878454	Polish
024587-1878455	Polish
024587-1878456	Polish
024587-1878457	Polish
024587-1878458	Polish
024588-1878459	other
024588-1878460	other
024588-1878461	other
024588-1878462	other
024588-1878463	other
024588-1878464	other
024588-1878465	other
024588-1878466	other
024588-1878468	other
024588-1878469	other
024588-1878470	other
024588-1878471	other
024588-1878472	other
024588-1878473	other
024588-1878474	other
024588-1878475	other
024588-1878476	other
024588-1878477	other
024588-1878478	other
024588-1878479	other
024588-1878480	other
024589-1878481	Bulgarian
024589-1878482	Bulgarian
024579-1878555	other
024579-1878557	other
024579-1878558	other
024579-1878559	other
024579-1878560	other
024579-1878561	other
024579-1878562	other
024579-1878563	other
024579-1878564	other
024579-1878565	other
024579-1878566	other
024579-1878568	other
024579-1878569	other
024579-1878570	other
024579-1878571	other
024579-1878573	other
024579-1878574	other
024579-1878575	other
024579-1878576	other
024579-1878578	other
024579-1878579	other
024579-1878580	other
024579-1878581	other
024579-1878582	other
024579-1878583	other
024579-1878584	other
024579-1878585	other
024579-1878586	other
024579-1878587	other
024579-1878588	other
024579-1878589	other
024594-1878721	Filipino
024597-1878736	English
024597-1878737	English
024597-1878738	English
024597-1878739	English
024597-1878740	English
024597-1878741	English
024597-1878742	English
024597-1878743	English
024597-1878744	English
024597-1878745	English
024597-1878746	English
024597-1878747	English
024597-1878748	English
024597-1878749	English
024597-1878750	English
024597-1878751	English
024597-1878752	English
024597-1878753	English
024597-1878754	English
024597-1878755	English
024597-1878756	English
024597-1878757	English
024597-1878758	English
024597-1878759	English
024597-1878760	English
024597-1878761	English
024597-1878762	English
024597-1878763	English
024597-1878764	English
024597-1878765	English
024597-1878766	English
024597-1878767	English
024597-1878768	English
024597-1878769	English
024597-1878770	English
024597-1878771	English
024597-1878772	English
024597-1878773	English
024597-1878774	English
024597-1878775	English
024597-1878776	English
024597-1878777	English
024597-1878778	English
024597-1878779	English
024597-1878780	English
024597-1878781	English
024597-1878782	English
024597-1878783	English
024597-1878784	English
024597-1878785	English
024599-1878787	Polish
024599-1878788	Polish
024599-1878789	Polish
024599-1878790	Polish
024599-1878791	Polish
024599-1878792	Polish
024599-1878793	Polish
024599-1878794	Polish
024599-1878795	Polish
024599-1878796	Polish
024599-1878797	Polish
024599-1878798	Polish
024599-1878799	Polish
024599-1878800	Polish
024599-1878801	Polish
024599-1878802	Polish
024599-1878803	Polish
024599-1878804	Polish
024599-1878805	Polish
024599-1878806	Polish
024599-1878807	Polish
024599-1878808	Polish
024599-1878809	Polish
024599-1878810	Polish
024599-1878811	Polish
024599-1878812	Polish
024599-1878813	Polish
024599-1878814	Polish
024599-1878815	Polish
024599-1878816	Polish
024599-1878817	Polish
024599-1878818	Polish
024599-1878819	Polish
024599-1878820	Polish
024599-1878821	Polish
024599-1878822	Polish
024599-1878823	Polish
024599-1878824	Polish
024599-1878825	Polish
024599-1878826	Polish
024599-1878827	Polish
024599-1878828	Polish
024599-1878829	Polish
024599-1878830	Polish
024599-1878831	Polish
024599-1878832	Polish
024599-1878833	Polish
024599-1878834	Polish
024599-1878835	Polish
024599-1878836	Polish
024599-1878847	Polish
024599-1878848	Polish
024599-1878849	Polish
024599-1878850	Polish
024599-1878851	Polish
024599-1878853	Polish
024599-1878854	Polish
024599-1878855	Polish
024599-1878856	Polish
024599-1878857	Polish
024599-1878858	Polish
024599-1878860	Polish
024599-1878861	Polish
024599-1878862	Polish
024599-1878863	Polish
024599-1878864	Polish
024599-1878865	Polish
024599-1878866	Polish
024599-1878867	Polish
024599-1878868	Polish
024599-1878869	Polish
024599-1878870	Polish
024599-1878872	Polish
024599-1878873	Polish
024599-1878874	Polish
024599-1878875	Polish
024599-1878876	Polish
024599-1878877	Polish
024599-1878878	Polish
024599-1878879	Polish
024599-1878880	Polish
024599-1878881	Polish
024599-1878882	Polish
024599-1878883	Polish
024599-1878884	Polish
024599-1878886	Polish
024599-1878891	Polish
024599-1878892	Polish
024599-1878893	Polish
024599-1878895	Polish
024599-1878896	Polish
024599-1878897	Polish
024599-1878898	Polish
024599-1878901	Polish
024599-1878902	Polish
024599-1878903	Polish
024599-1878904	Polish
024599-1878905	Polish
024599-1878906	Polish
024599-1878911	Polish
024599-1878912	Polish
024599-1878913	Polish
024599-1878914	Polish
024599-1878915	Polish
024599-1878917	Polish
024599-1878918	Polish
024599-1878919	Polish
024599-1878920	Polish
024599-1878921	Polish
024599-1878922	Polish
024599-1878923	Polish
024599-1878924	Polish
024599-1878925	Polish
024599-1878926	Polish
024599-1878927	Polish
024599-1878928	Polish
024599-1878929	Polish
024599-1878930	Polish
024599-1878931	Polish
024599-1878932	Polish
024599-1878933	Polish
024599-1878934	Polish
024599-1878935	Polish
024599-1878937	Polish
024599-1878938	Polish
024599-1878939	Polish
024599-1878941	Polish
024599-1878942	Polish
024599-1878943	Polish
024599-1878944	Polish
024599-1878945	Polish
024599-1878946	Polish
024599-1878947	Polish
024599-1878949	Polish
024599-1878954	Polish
024599-1878956	Polish
024599-1878957	Polish
024599-1878958	Polish
024599-1878959	Polish
024599-1878960	Polish
024599-1878961	Polish
024599-1878962	Polish
024599-1878963	Polish
024599-1878964	Polish
024599-1878965	Polish
024599-1878967	Polish
024599-1878968	Polish
024599-1878969	Polish
024599-1878970	Polish
024599-1878971	Polish
024599-1878972	Polish
024599-1878973	Polish
024599-1878974	Polish
024599-1878975	Polish
024599-1878976	Polish
024599-1878977	Polish
024599-1878978	Polish
024599-1878979	Polish
024599-1878980	Polish
024599-1878981	Polish
024599-1878982	Polish
024599-1878983	Polish
024599-1878984	Polish
024599-1878985	Polish
024599-1878986	Polish
024599-1878990	Polish
024599-1878991	Polish
024599-1878992	Polish
024599-1878994	Polish
024599-1878995	Polish
024599-1878996	Polish
024599-1878997	Polish
024599-1878998	Polish
024599-1878999	Polish
024599-1879000	Polish
024599-1879002	Polish
024599-1879003	Polish
024599-1879004	Polish
024599-1879005	Polish
024599-1879006	Polish
024599-1879007	Polish
024599-1879008	Polish
024599-1879009	Polish
024599-1879010	Polish
024599-1879011	Polish
024599-1879012	Polish
024599-1879013	Polish
024599-1879014	Polish
024599-1879016	Polish
024599-1879017	Polish
024599-1879018	Polish
024599-1879019	Polish
024599-1879020	Polish
024599-1879021	Polish
024599-1879022	Polish
024599-1879023	Polish
024599-1879024	Polish
024599-1879026	Polish
024599-1879027	Polish
024599-1879028	Polish
024599-1879029	Polish
024599-1879030	Polish
024599-1879031	Polish
024599-1879032	Polish
024599-1879033	Polish
024599-1879034	Polish
024599-1879036	Polish
024599-1879037	Polish
024599-1879038	Polish
024599-1879039	Polish
024599-1879040	Polish
024599-1879041	Polish
024599-1879042	Polish
024599-1879043	Polish
024599-1879044	Polish
024599-1879045	Polish
024599-1879046	Polish
024599-1879047	Polish
024586-1879145	English
024701-1881905	Arabic
029023-2710640	Russia
